                  epoch,         train/box_loss,         train/cls_loss,         train/dfl_loss,   metrics/precision(B),      metrics/recall(B),       metrics/mAP50(B),    metrics/mAP50-95(B),           val/box_loss,           val/cls_loss,           val/dfl_loss,                 lr/pg0,                 lr/pg1,                 lr/pg2
                      1,                0.69581,                 2.9227,                 1.2561,                0.77549,                0.14474,                 0.4221,                0.25513,                 1.1975,                 23.121,                 1.9974,                 0.0005,                 0.0005,                 0.0005
                      2,                 0.5285,                 1.5497,                 1.0795,                0.80616,                0.71053,                0.75292,                0.67809,                 0.5782,                 26.899,                 1.1018,               0.001016,               0.001016,               0.001016
                      3,                0.57839,                  1.258,                 1.1031,                0.32242,                0.23793,                0.20001,                0.15092,                  1.565,                 22.067,                 4.6025,              0.0015278,              0.0015278,              0.0015278
                      4,                0.60991,                 1.0204,                 1.1159,                0.49755,                0.84694,                0.69309,                0.55325,                0.66546,                 37.856,                 1.2909,              0.0019762,              0.0019762,              0.0019762
                      5,                0.59515,                0.81347,                 1.1062,                0.57098,                0.64474,                0.66047,                0.20986,                 2.2837,                 69.601,                 4.4611,              0.0019762,              0.0019762,              0.0019762
                      6,                0.57253,                0.67674,                 1.0881,                0.71831,                0.90592,                 0.9089,                0.62289,                0.61097,                 14.867,                 1.1804,              0.0019683,              0.0019683,              0.0019683
                      7,                0.53601,                0.59384,                 1.0769,                0.93016,                0.85526,                0.94298,                0.81296,                0.57358,                  4.788,                 1.0832,              0.0019604,              0.0019604,              0.0019604
                      8,                0.52328,                0.56469,                 1.0608,                0.98479,                0.85211,                0.96786,                0.89409,                0.35782,                 9.0576,                0.84257,              0.0019525,              0.0019525,              0.0019525
                      9,                0.49447,                0.50756,                 1.0471,                0.93564,                0.97368,                0.97824,                0.91389,                0.50966,                0.84711,                0.95492,              0.0019446,              0.0019446,              0.0019446
                     10,                0.48633,                 0.4821,                 1.0399,                0.94273,                0.97368,                0.98092,                0.87421,                0.42135,                 1.0795,                0.87721,              0.0019366,              0.0019366,              0.0019366
                     11,                0.47236,                0.46508,                 1.0378,                0.81298,                0.85797,                0.90806,                0.85555,                 0.3684,                 4.9361,                0.81918,              0.0019287,              0.0019287,              0.0019287
                     12,                0.44587,                0.44595,                 1.0195,                0.95815,                0.85526,                0.95952,                0.92732,                0.23502,                 7.0006,                 0.6854,              0.0019208,              0.0019208,              0.0019208
                     13,                0.43749,                0.43446,                 1.0032,                0.85369,                0.94737,                0.96175,                0.92366,                0.41452,                 1.5438,                0.94247,              0.0019129,              0.0019129,              0.0019129
                     14,                  0.428,                 0.4045,                 1.0029,                0.97434,                0.99908,                0.99422,                 0.9683,                0.31377,                0.35558,                0.75754,               0.001905,               0.001905,               0.001905
                     15,                0.40338,                0.39025,                0.98394,                 0.9475,                0.94737,                0.96058,                0.90757,                 0.4053,                  2.814,                 0.8353,               0.001897,               0.001897,               0.001897
                     16,                0.40601,                0.39888,                 1.0016,                0.97953,                0.88158,                0.96366,                0.92469,                0.30972,                 2.2958,                0.73755,              0.0018891,              0.0018891,              0.0018891
                     17,                0.39834,                0.37987,                0.98919,                0.96535,                      1,                0.99449,                0.96209,                0.23302,                0.47262,                 0.6853,              0.0018812,              0.0018812,              0.0018812
                     18,                0.38568,                0.36216,                0.98286,                0.97431,                0.99824,                0.99461,                0.96788,                0.25838,                0.25193,                0.72761,              0.0018733,              0.0018733,              0.0018733
                     19,                0.36549,                0.35639,                0.97008,                0.98648,                0.98684,                0.98997,                0.96149,                 0.2248,                0.27052,                 0.6816,              0.0018654,              0.0018654,              0.0018654
                     20,                0.36935,                0.35609,                 0.9722,                0.96731,                0.98684,                0.99303,                0.95644,                0.28836,                0.36016,                0.75245,              0.0018574,              0.0018574,              0.0018574
                     21,                0.36531,                0.33481,                0.97039,                 0.9939,                0.98684,                0.99374,                0.97809,                0.29358,                0.24183,                0.72016,              0.0018495,              0.0018495,              0.0018495
                     22,                0.35773,                0.32985,                0.95834,                0.89429,                0.94737,                0.98255,                 0.9449,                0.26149,                0.54582,                0.69351,              0.0018416,              0.0018416,              0.0018416
                     23,                 0.3617,                 0.3329,                0.96159,                0.98079,                      1,                0.99357,                0.96087,                 0.3202,                0.27482,                0.76818,              0.0018337,              0.0018337,              0.0018337
                     24,                0.33319,                0.31327,                 0.9492,                0.98733,                0.94737,                0.99088,                0.95196,                0.28538,                 0.2596,                0.76597,              0.0018258,              0.0018258,              0.0018258
                     25,                0.34347,                0.31287,                0.95939,                0.99036,                0.97368,                 0.9936,                0.98291,                0.19545,                  0.191,                0.66674,              0.0018178,              0.0018178,              0.0018178
                     26,                0.33226,                0.31344,                0.95088,                0.97263,                      1,                0.99317,                0.98332,                0.24905,                0.20701,                  0.692,              0.0018099,              0.0018099,              0.0018099
                     27,                0.34606,                0.33186,                0.95963,                0.97283,                0.98684,                0.99228,                0.97054,                 0.2258,                0.39119,                0.67162,               0.001802,               0.001802,               0.001802
                     28,                0.33826,                 0.3051,                0.95568,                 0.9736,                0.98684,                0.98698,                0.96467,                0.25193,                0.26105,                0.68139,              0.0017941,              0.0017941,              0.0017941
                     29,                0.35748,                0.32354,                0.96252,                 0.9963,                0.96053,                0.99191,                0.97736,                0.23526,                0.18928,                0.68994,              0.0017862,              0.0017862,              0.0017862
                     30,                0.33832,                0.30389,                0.95839,                0.98664,                0.97202,                0.99236,                0.96972,                0.29176,                0.26618,                0.73554,              0.0017782,              0.0017782,              0.0017782
                     31,                0.32106,                0.28593,                0.94617,                0.97015,                0.96053,                0.99248,                0.96313,                0.22256,                0.30636,                 0.6917,              0.0017703,              0.0017703,              0.0017703
                     32,                0.32922,                0.30857,                0.95584,                0.96148,                0.98532,                0.99321,                 0.9835,                0.28185,                0.25584,                0.74743,              0.0017624,              0.0017624,              0.0017624
                     33,                 0.3053,                0.28521,                0.93805,                0.98489,                0.96053,                0.98559,                0.96241,                0.25654,                 2.6512,                0.73311,              0.0017545,              0.0017545,              0.0017545
                     34,                0.31385,                0.28653,                0.94377,                0.97382,                0.98684,                0.99266,                0.98164,                0.23777,                0.29283,                0.69641,              0.0017466,              0.0017466,              0.0017466
                     35,                0.30856,                0.28444,                0.94367,                0.93749,                0.98671,                0.98529,                0.97241,                0.26819,                0.25545,                0.72931,              0.0017386,              0.0017386,              0.0017386
                     36,                0.31801,                0.31084,                0.94044,                0.95947,                0.98684,                0.99284,                  0.986,                0.28094,                0.23999,                0.76067,              0.0017307,              0.0017307,              0.0017307
                     37,                0.31321,                 0.2896,                0.94102,                0.98363,                0.97368,                0.98625,                0.96192,                 0.2383,                0.23184,                0.68237,              0.0017228,              0.0017228,              0.0017228
                     38,                0.32006,                0.28803,                0.93689,                  0.987,                0.99866,                0.99409,                0.98221,                0.20323,                0.16505,                0.66083,              0.0017149,              0.0017149,              0.0017149
                     39,                0.29717,                0.26686,                0.93043,                0.99295,                0.98684,                0.99276,                0.98501,                0.21373,                0.20937,                0.68405,               0.001707,               0.001707,               0.001707
                     40,                0.28027,                 0.2657,                0.93085,                0.98493,                0.98684,                0.99396,                0.98455,                0.25908,                0.22818,                0.73674,               0.001699,               0.001699,               0.001699
                     41,                0.29971,                 0.2706,                0.93388,                0.99761,                0.98684,                0.99309,                0.97835,                0.23988,                 0.2521,                0.69285,              0.0016911,              0.0016911,              0.0016911
                     42,                0.29594,                0.27126,                0.93208,                0.71195,                 0.9106,                0.86378,                0.69158,                0.96866,                 1.7334,                 1.1338,              0.0016832,              0.0016832,              0.0016832
                     43,                0.29463,                0.26674,                0.93957,                0.99859,                0.96053,                0.99203,                0.96913,                0.17415,                0.23611,                0.66312,              0.0016753,              0.0016753,              0.0016753
                     44,                0.28506,                0.25738,                0.92626,                 0.9729,                0.98684,                0.99115,                0.97556,                0.17993,                0.20147,                0.64809,              0.0016674,              0.0016674,              0.0016674
                     45,                 0.2838,                0.26718,                0.92871,                0.98574,                0.97368,                 0.9886,                0.97879,                0.19317,                0.35823,                0.66022,              0.0016594,              0.0016594,              0.0016594
                     46,                0.27659,                0.26353,                0.92102,                0.97367,                0.97309,                0.99275,                 0.9801,                0.16137,                0.21312,                0.64376,              0.0016515,              0.0016515,              0.0016515
                     47,                0.27485,                 0.2659,                0.92391,                0.98626,                0.97368,                0.99366,                0.98265,                0.19769,                0.21166,                0.65336,              0.0016436,              0.0016436,              0.0016436
                     48,                0.27103,                0.25635,                0.92252,                0.98589,                0.98684,                 0.9936,                0.98653,                0.15565,                0.16078,                0.62937,              0.0016357,              0.0016357,              0.0016357
                     49,                0.28874,                0.26503,                0.93471,                 0.9785,                      1,                0.99474,                0.98283,                0.27341,                0.23753,                0.68794,              0.0016278,              0.0016278,              0.0016278
                     50,                 0.2741,                0.26201,                0.92449,                0.99619,                0.98684,                0.99474,                0.98745,                0.15734,                0.17757,                0.63609,              0.0016198,              0.0016198,              0.0016198
                     51,                0.27874,                0.25187,                0.92785,                0.99886,                0.97368,                0.98979,                 0.9789,                0.24237,                0.31035,                0.70901,              0.0016119,              0.0016119,              0.0016119
                     52,                0.27046,                0.26057,                0.91988,                0.98187,                0.98684,                0.99462,                0.98716,                0.14457,                0.16357,                0.61737,               0.001604,               0.001604,               0.001604
                     53,                0.27291,                0.25243,                0.92387,                0.99271,                0.98684,                0.99374,                0.98654,                0.21026,                 0.3885,                 0.6603,              0.0015961,              0.0015961,              0.0015961
                     54,                0.27925,                0.25918,                 0.9242,                 0.9991,                0.98684,                  0.993,                0.98585,                 0.1855,                0.18058,                0.65432,              0.0015882,              0.0015882,              0.0015882
                     55,                0.27393,                0.24609,                0.92124,                0.97374,                      1,                0.99356,                0.98307,                0.19317,                0.23566,                0.64578,              0.0015802,              0.0015802,              0.0015802
                     56,                0.27388,                0.24839,                0.92445,                0.98423,                0.98684,                0.99328,                0.98778,                0.16882,                0.19868,                0.63557,              0.0015723,              0.0015723,              0.0015723
                     57,                0.25879,                0.24615,                0.91589,                0.97432,                      1,                0.99461,                0.99002,                0.19286,                0.20436,                0.65651,              0.0015644,              0.0015644,              0.0015644
                     58,                0.25916,                 0.2352,                0.92018,                0.98697,                0.99638,                0.99487,                0.98889,                0.17637,                 0.1595,                0.65535,              0.0015565,              0.0015565,              0.0015565
                     59,                0.25684,                0.23821,                0.91604,                0.98551,                0.98684,                0.99448,                0.98787,                0.22599,                0.21138,                0.68409,              0.0015486,              0.0015486,              0.0015486
                     60,                0.25901,                 0.2319,                0.91632,                0.97435,                0.99976,                0.99449,                0.99162,                0.12449,                0.11431,                0.60878,              0.0015406,              0.0015406,              0.0015406
                     61,                0.25508,                0.22719,                0.91009,                0.99815,                0.98684,                0.99405,                0.98509,                0.18034,                0.22527,                0.64589,              0.0015327,              0.0015327,              0.0015327
                     62,                0.25911,                0.23841,                0.91627,                0.94213,                0.96053,                0.99117,                0.97928,                  0.177,                0.40297,                0.64983,              0.0015248,              0.0015248,              0.0015248
                     63,                0.25765,                0.24311,                0.91535,                0.99183,                0.98684,                0.99474,                0.98074,                0.15334,                 0.1664,                0.62855,              0.0015169,              0.0015169,              0.0015169
                     64,                0.25327,                0.22752,                0.91821,                0.98753,                0.98684,                0.99474,                0.98924,                0.19748,                 0.1741,                 0.6596,               0.001509,               0.001509,               0.001509
                     65,                0.25162,                0.22738,                0.91475,                0.99863,                0.98684,                0.98863,                0.98004,                0.18323,                0.15272,                0.64958,               0.001501,               0.001501,               0.001501
                     66,                0.26401,                0.23423,                0.91782,                0.96097,                 0.9719,                0.98967,                0.97944,                0.15311,                0.19052,                0.63932,              0.0014931,              0.0014931,              0.0014931
                     67,                0.26038,                0.24006,                0.91357,                0.97384,                0.98684,                0.99274,                0.98554,                 0.1988,                0.18364,                0.66961,              0.0014852,              0.0014852,              0.0014852
                     68,                0.25805,                0.23398,                0.91583,                0.97388,                      1,                0.99358,                0.98579,                0.11904,                0.11081,                0.61124,              0.0014773,              0.0014773,              0.0014773
                     69,                0.23941,                0.22413,                0.90736,                0.99794,                0.98684,                0.99474,                0.98744,                0.14562,                0.14002,                0.62247,              0.0014694,              0.0014694,              0.0014694
                     70,                0.23031,                0.21102,                0.90596,                0.99532,                0.98684,                0.99128,                0.98432,                0.15899,                0.13247,                0.65168,              0.0014614,              0.0014614,              0.0014614
                     71,                0.24206,                0.22932,                0.90841,                0.99758,                0.98684,                0.99474,                0.98871,                0.17239,                0.24719,                0.63455,              0.0014535,              0.0014535,              0.0014535
                     72,                0.23695,                0.22859,                0.90586,                0.97175,                      1,                0.99422,                0.98624,                 0.1494,                0.14212,                 0.6335,              0.0014456,              0.0014456,              0.0014456
                     73,                0.24529,                0.22565,                0.90914,                0.97402,                      1,                0.99474,                0.98921,                0.13866,                0.15709,                0.62487,              0.0014377,              0.0014377,              0.0014377
                     74,                0.23934,                 0.2258,                0.90791,                0.99767,                0.98684,                0.99487,                0.98807,                0.13851,                0.14814,                0.62163,              0.0014298,              0.0014298,              0.0014298
                     75,                 0.2588,                0.23409,                0.91199,                0.97398,                0.98684,                 0.9945,                0.98541,                0.15298,                0.53693,                0.62723,              0.0014218,              0.0014218,              0.0014218
                     76,                0.23226,                0.21911,                 0.9082,                0.99382,                0.98684,                0.99474,                0.98879,                0.15235,                 0.1898,                0.63658,              0.0014139,              0.0014139,              0.0014139
                     77,                0.23389,                0.22164,                0.90527,                0.97427,                      1,                0.99474,                0.98764,                0.17275,                0.16529,                0.64448,               0.001406,               0.001406,               0.001406
                     78,                0.24092,                0.23037,                0.91331,                0.97339,                      1,                0.99346,                0.99122,                0.14769,                0.13413,                0.62594,              0.0013981,              0.0013981,              0.0013981
                     79,                0.24337,                0.21762,                0.90631,                0.98638,                0.98684,                0.99474,                0.98727,                0.19962,                0.18159,                0.65347,              0.0013902,              0.0013902,              0.0013902
                     80,                0.23514,                0.21616,                0.89852,                0.97422,                      1,                0.99409,                0.98855,                0.16025,                0.15077,                0.62792,              0.0013822,              0.0013822,              0.0013822
                     81,                0.23483,                0.21887,                0.90061,                0.97402,                      1,                0.99461,                  0.989,                0.17496,                0.16125,                0.62953,              0.0013743,              0.0013743,              0.0013743
                     82,                0.23537,                 0.2266,                0.90615,                0.99195,                0.98684,                0.99474,                0.98612,                0.19119,                0.16502,                0.66911,              0.0013664,              0.0013664,              0.0013664
                     83,                0.22852,                0.21385,                0.89962,                0.97319,                      1,                0.99448,                 0.9886,                0.12422,                0.18417,                0.61745,              0.0013585,              0.0013585,              0.0013585
                     84,                 0.2346,                0.21208,                0.89949,                  0.987,                0.99889,                0.99487,                0.98788,                  0.137,                0.14972,                0.61612,              0.0013506,              0.0013506,              0.0013506
                     85,                0.23243,                0.21176,                0.90002,                0.98578,                0.98684,                0.99438,                0.98954,                0.14269,                0.14102,                0.62063,              0.0013426,              0.0013426,              0.0013426
                     86,                0.22246,                0.20506,                0.89397,                0.97435,                0.99952,                0.99344,                0.98322,                0.13304,                0.12689,                0.61672,              0.0013347,              0.0013347,              0.0013347
                     87,                 0.2238,                0.21418,                 0.9004,                0.97435,                0.99949,                0.99395,                0.98841,                0.13295,                0.18326,                0.61982,              0.0013268,              0.0013268,              0.0013268
                     88,                0.22068,                0.20129,                0.89159,                0.97772,                      1,                0.99409,                0.98744,                0.15306,                0.14462,                0.62779,              0.0013189,              0.0013189,              0.0013189
                     89,                0.22252,                0.20981,                0.90325,                 0.9835,                0.98684,                0.99425,                0.98824,                0.12703,                0.11819,                0.61169,               0.001311,               0.001311,               0.001311
                     90,                  0.235,                 0.2229,                0.90409,                0.99729,                0.98684,                0.99462,                0.98569,                0.12635,                  0.157,                0.62468,               0.001303,               0.001303,               0.001303
                     91,                0.22791,                0.21338,                0.90392,                0.97775,                0.98684,                0.99359,                0.98348,                0.18001,                 0.1354,                 0.6463,              0.0012951,              0.0012951,              0.0012951
                     92,                0.22671,                 0.2106,                0.89792,                0.97376,                      1,                0.99474,                0.98485,                0.14899,                0.13095,                0.63147,              0.0012872,              0.0012872,              0.0012872
                     93,                0.24347,                0.21901,                0.90453,                 0.9984,                0.98684,                0.99405,                0.99152,                0.15256,                0.14532,                0.63856,              0.0012793,              0.0012793,              0.0012793
                     94,                0.23252,                0.21055,                0.91092,                0.99654,                0.98684,                0.99474,                0.98743,                 0.1455,                0.12349,                 0.6257,              0.0012714,              0.0012714,              0.0012714
                     95,                0.22311,                 0.2135,                0.90296,                0.98683,                0.98629,                0.99412,                0.98123,                 0.1318,                0.13006,                0.62274,              0.0012634,              0.0012634,              0.0012634
                     96,                0.22432,                0.21309,                 0.8904,                0.97381,                      1,                0.99422,                0.98737,                0.19202,                 0.1451,                0.64562,              0.0012555,              0.0012555,              0.0012555
                     97,                0.22379,                0.20609,                0.90332,                0.99783,                0.98684,                0.99487,                0.98896,                 0.1345,                0.10901,                0.62368,              0.0012476,              0.0012476,              0.0012476
                     98,                0.21335,                0.20126,                0.89213,                0.98695,                0.99505,                0.99461,                0.98922,                0.13049,                0.12722,                0.60964,              0.0012397,              0.0012397,              0.0012397
                     99,                0.22125,                0.20106,                 0.8998,                0.99493,                0.98684,                 0.9945,                 0.9876,                0.12678,                0.13317,                0.61189,              0.0012318,              0.0012318,              0.0012318
                    100,                0.21207,                0.20046,                 0.8933,                0.97386,                      1,                0.99474,                0.98806,                0.14305,                0.15888,                 0.6242,              0.0012238,              0.0012238,              0.0012238
                    101,                0.21809,                 0.1916,                0.89277,                 0.9858,                0.98684,                0.99474,                0.98578,                0.16271,                0.15367,                0.63376,              0.0012159,              0.0012159,              0.0012159
                    102,                0.20856,                 0.1905,                0.89609,                0.99485,                0.98684,                0.99474,                0.98618,                0.16695,                0.17545,                0.63904,               0.001208,               0.001208,               0.001208
                    103,                0.21333,                0.19522,                0.89117,                0.97405,                      1,                0.99474,                0.98705,                0.14854,                0.14593,                0.62406,              0.0012001,              0.0012001,              0.0012001
                    104,                0.20401,                0.19449,                0.88808,                0.97386,                      1,                0.99356,                0.98799,                0.12691,                 0.1664,                0.61882,              0.0011922,              0.0011922,              0.0011922
                    105,                0.21214,                0.19449,                0.89694,                0.99443,                0.98684,                 0.9945,                0.99162,                0.11924,                0.12126,                0.60658,              0.0011842,              0.0011842,              0.0011842
                    106,                0.20987,                0.19599,                0.89173,                0.99733,                0.98684,                 0.9896,                0.98566,                0.17092,                0.19942,                0.66649,              0.0011763,              0.0011763,              0.0011763
                    107,                0.20772,                0.18523,                0.88941,                0.99889,                0.98684,                0.98956,                0.98284,                0.15769,                0.16089,                0.63345,              0.0011684,              0.0011684,              0.0011684
                    108,                0.20682,                0.19099,                0.89518,                0.99739,                0.98684,                0.99474,                 0.9895,                0.14535,                0.12558,                0.62528,              0.0011605,              0.0011605,              0.0011605
                    109,                 0.2111,                0.19292,                0.88888,                0.99916,                0.98684,                0.99187,                0.98522,                 0.1345,                0.12816,                0.61556,              0.0011526,              0.0011526,              0.0011526
                    110,                0.20617,                0.19769,                0.89431,                0.99052,                0.98684,                0.99474,                0.98791,                0.12762,                0.12029,                0.62403,              0.0011446,              0.0011446,              0.0011446
                    111,                0.19872,                0.18695,                0.88597,                  0.974,                      1,                0.99409,                0.99081,                0.11595,                0.13984,                0.60184,              0.0011367,              0.0011367,              0.0011367
                    112,                0.19386,                0.18325,                  0.884,                0.98699,                0.99836,                0.99487,                0.98473,                  0.152,                0.13364,                0.63545,              0.0011288,              0.0011288,              0.0011288
                    113,                0.20473,                0.19395,                 0.8898,                0.99783,                0.98684,                0.99364,                0.98521,                0.15008,                0.11622,                0.63423,              0.0011209,              0.0011209,              0.0011209
                    114,                0.19856,                0.18922,                0.88724,                0.97433,                0.99887,                0.99474,                0.99015,                0.11564,                0.11444,                0.61445,               0.001113,               0.001113,               0.001113
                    115,                0.19477,                0.18637,                0.89319,                0.99736,                0.98684,                0.99438,                0.98863,                0.12402,                0.16524,                0.61848,               0.001105,               0.001105,               0.001105
                    116,                0.19924,                0.18718,                0.89054,                0.97372,                      1,                0.99474,                0.99011,                0.13664,                0.13013,                 0.6218,              0.0010971,              0.0010971,              0.0010971
                    117,                0.20885,                0.19765,                0.90397,                0.97435,                0.99947,                0.99474,                 0.9916,                0.16566,                0.15326,                0.62959,              0.0010892,              0.0010892,              0.0010892
                    118,                0.19433,                0.18544,                0.89327,                0.99374,                0.98684,                0.99474,                0.98922,                0.13006,                0.11791,                0.61329,              0.0010813,              0.0010813,              0.0010813
                    119,                0.20658,                0.19156,                 0.8912,                0.97327,                      1,                0.99461,                0.98944,                0.16557,                0.16103,                0.63148,              0.0010734,              0.0010734,              0.0010734
                    120,                0.20254,                0.18747,                0.88548,                0.99341,                0.98684,                0.99474,                0.99238,                0.13267,                0.12111,                0.62315,              0.0010654,              0.0010654,              0.0010654
                    121,                0.20093,                0.18662,                0.88691,                0.97369,                      1,                0.99448,                0.98958,                0.19514,                0.14674,                0.65279,              0.0010575,              0.0010575,              0.0010575
                    122,                0.19461,                0.18091,                0.88713,                0.99014,                0.98684,                0.99474,                0.99066,                0.13439,                0.14754,                0.62025,              0.0010496,              0.0010496,              0.0010496
                    123,                0.19279,                0.18036,                0.88282,                0.99675,                0.98684,                 0.9945,                0.98695,                0.17336,                 0.1619,                0.64578,              0.0010417,              0.0010417,              0.0010417
                    124,                0.18864,                0.17872,                0.88325,                0.99189,                0.98684,                0.99474,                0.98845,                0.12383,                0.09432,                0.61678,              0.0010338,              0.0010338,              0.0010338
                    125,                0.18826,                 0.1759,                0.88575,                 0.9869,                0.99166,                0.99487,                 0.9863,                0.09882,                0.09874,                0.60288,              0.0010258,              0.0010258,              0.0010258
                    126,                0.19256,                  0.182,                0.88815,                0.98618,                      1,                0.99422,                0.98981,                0.12694,                0.11062,                0.62334,              0.0010179,              0.0010179,              0.0010179
                    127,                0.19214,                0.18054,                 0.8882,                0.97889,                      1,                0.99435,                 0.9892,                0.11889,                0.10343,                 0.6222,                0.00101,                0.00101,                0.00101
                    128,                0.19476,                0.17995,                0.89065,                0.98237,                      1,                0.99435,                 0.9897,                0.13312,                0.11362,                0.62094,              0.0010021,              0.0010021,              0.0010021
                    129,                0.19399,                0.18325,                 0.8873,                0.99169,                0.98684,                0.99474,                0.98951,                0.11316,                0.14456,                0.61598,             0.00099416,             0.00099416,             0.00099416
                    130,                0.19093,                0.17924,                0.87908,                0.99059,                0.98684,                0.99474,                0.99008,                0.13236,                0.11721,                0.62307,             0.00098624,             0.00098624,             0.00098624
                    131,                0.18698,                0.17354,                0.88645,                 0.9863,                0.98684,                0.99474,                0.98893,                0.11864,                 0.1266,                  0.615,             0.00097832,             0.00097832,             0.00097832
                    132,                0.19511,                0.18118,                0.88118,                0.99743,                0.98684,                0.99474,                0.98911,                0.10485,                0.09961,                 0.6041,              0.0009704,              0.0009704,              0.0009704
                    133,                0.19867,                0.18499,                0.88484,                0.99205,                0.98684,                0.99474,                0.99044,                0.12021,                 0.1044,                0.60686,             0.00096248,             0.00096248,             0.00096248
                    134,                0.19045,                0.17689,                 0.8863,                0.99674,                0.98684,                0.99474,                0.98964,                0.11938,                0.16512,                0.61461,             0.00095456,             0.00095456,             0.00095456
                    135,                0.18685,                0.17226,                 0.8871,                 0.9863,                0.98684,                0.99474,                0.98767,                0.13569,                0.14344,                0.62509,             0.00094664,             0.00094664,             0.00094664
                    136,                 0.1908,                0.17546,                 0.8854,                0.99106,                0.98684,                0.99474,                0.98955,                0.09821,                0.09713,                0.59799,             0.00093872,             0.00093872,             0.00093872
                    137,                0.18612,                0.17325,                   0.89,                0.99447,                0.98684,                0.99474,                0.99196,                0.12273,                0.10567,                0.60771,              0.0009308,              0.0009308,              0.0009308
                    138,                0.19482,                0.17625,                0.88639,                0.99866,                0.98684,                0.99474,                0.99196,                0.12769,                0.10261,                0.61825,             0.00092288,             0.00092288,             0.00092288
                    139,                0.18141,                  0.166,                0.88375,                0.99684,                0.98684,                0.99474,                 0.9907,                0.12098,                0.10995,                0.60933,             0.00091496,             0.00091496,             0.00091496
                    140,                0.17808,                0.16771,                0.87912,                0.99942,                0.98684,                0.99474,                0.98738,                0.11832,                0.10639,                 0.6059,             0.00090704,             0.00090704,             0.00090704
                    141,                0.18094,                 0.1729,                0.88193,                0.98546,                0.98684,                0.99474,                0.98877,                0.12245,                0.10386,                 0.6102,             0.00089912,             0.00089912,             0.00089912
                    142,                 0.1754,                0.16417,                0.87813,                0.97434,                0.99932,                0.99461,                0.98625,                0.09638,                0.09712,                0.59712,              0.0008912,              0.0008912,              0.0008912
                    143,                0.18528,                0.16888,                0.88587,                0.99037,                0.98684,                0.99474,                0.98854,                0.11778,                0.10398,                0.61178,             0.00088328,             0.00088328,             0.00088328
                    144,                0.17818,                0.16926,                0.88308,                 0.9913,                0.98684,                 0.9945,                0.98359,                0.10705,                0.10814,                0.60646,             0.00087536,             0.00087536,             0.00087536
                    145,                0.18269,                0.16385,                0.88841,                0.99456,                0.98684,                0.99474,                0.99145,                0.10363,                0.14961,                0.59915,             0.00086744,             0.00086744,             0.00086744
                    146,                0.17947,                0.16909,                0.88133,                0.99535,                0.98684,                0.99474,                0.99148,                0.10997,                0.16306,                0.60718,             0.00085952,             0.00085952,             0.00085952
                    147,                0.18723,                0.17444,                0.88737,                0.98555,                0.98684,                0.99474,                 0.9917,                0.15255,                0.11908,                0.63798,              0.0008516,              0.0008516,              0.0008516
                    148,                0.17412,                 0.1693,                0.87972,                0.98859,                0.98684,                0.99474,                0.99132,                0.10991,                0.11357,                0.60318,             0.00084368,             0.00084368,             0.00084368
                    149,                0.17753,                0.17047,                0.87443,                0.99852,                0.98684,                0.99438,                0.99108,                0.11201,                 0.0996,                0.60889,             0.00083576,             0.00083576,             0.00083576
                    150,                0.17583,                0.16366,                0.87901,                0.97383,                      1,                0.99474,                0.99144,                0.11854,                0.10542,                0.61723,             0.00082784,             0.00082784,             0.00082784
                    151,                0.18165,                0.16661,                0.88329,                0.99755,                0.98684,                0.99474,                0.99048,                0.10798,                0.11073,                0.60526,             0.00081992,             0.00081992,             0.00081992
                    152,                0.16992,                0.16134,                0.87761,                0.99813,                0.98684,                0.99474,                 0.9926,                0.11923,                0.11231,                0.60979,               0.000812,               0.000812,               0.000812
                    153,                0.17392,                0.16883,                 0.8821,                0.99555,                0.98684,                0.99474,                 0.9924,                0.10461,                0.09486,                0.59967,             0.00080408,             0.00080408,             0.00080408
                    154,                0.17217,                 0.1645,                0.87822,                 0.9756,                      1,                0.99422,                0.98996,                0.11136,                0.10588,                 0.6088,             0.00079616,             0.00079616,             0.00079616
                    155,                0.18014,                0.17138,                0.87879,                0.97368,                      1,                0.99474,                0.99158,                0.10997,                0.09734,                0.60301,             0.00078824,             0.00078824,             0.00078824
                    156,                0.17825,                0.16372,                0.87987,                0.97386,                      1,                0.99474,                0.99113,                0.10694,                0.11418,                0.60212,             0.00078032,             0.00078032,             0.00078032
                    157,                0.17318,                0.15942,                0.87538,                0.99338,                0.98684,                0.99474,                0.99168,                0.10864,                  0.109,                0.59961,              0.0007724,              0.0007724,              0.0007724
                    158,                0.17048,                0.15895,                0.87561,                0.99526,                0.98684,                0.99474,                0.99085,                 0.1212,                0.10214,                0.61053,             0.00076448,             0.00076448,             0.00076448
                    159,                0.16987,                0.16507,                0.87708,                0.99553,                0.98684,                0.99474,                0.99257,                0.10243,                0.11687,                0.60472,             0.00075656,             0.00075656,             0.00075656
                    160,                0.17932,                0.16048,                0.88081,                0.98861,                0.98684,                0.99474,                0.99153,                0.10874,                0.11622,                0.60782,             0.00074864,             0.00074864,             0.00074864
                    161,                0.16663,                0.15804,                0.87564,                 0.9737,                      1,                0.99369,                0.99066,                0.10228,                 0.0981,                0.59927,             0.00074072,             0.00074072,             0.00074072
                    162,                0.17004,                0.15629,                0.88137,                0.98662,                0.98684,                0.99474,                0.99115,                0.09491,                0.09729,                0.59321,              0.0007328,              0.0007328,              0.0007328
                    163,                0.16442,                0.15764,                0.87434,                0.98667,                0.98684,                0.99474,                0.99231,                0.09784,                0.08585,                0.60004,             0.00072488,             0.00072488,             0.00072488
                    164,                 0.1691,                0.15948,                0.88036,                0.99574,                0.98684,                0.99474,                0.99273,                0.11229,                0.10077,                0.60419,             0.00071696,             0.00071696,             0.00071696
                    165,                0.17201,                0.16016,                0.87834,                 0.9987,                0.98684,                0.99474,                0.99269,                0.12583,                0.11668,                0.61786,             0.00070904,             0.00070904,             0.00070904
                    166,                 0.1678,                0.15782,                0.87551,                 0.9868,                0.98684,                0.99474,                0.99274,                0.11241,                  0.132,                0.61441,             0.00070112,             0.00070112,             0.00070112
                    167,                0.16406,                0.15485,                 0.8798,                 0.9739,                      1,                0.99461,                0.99228,                 0.0958,                0.09387,                0.60004,              0.0006932,              0.0006932,              0.0006932
                    168,                0.15832,                0.15154,                0.86803,                0.98985,                0.98684,                0.99474,                0.99089,                0.13183,                0.11457,                0.62246,             0.00068528,             0.00068528,             0.00068528
                    169,                0.16176,                0.15259,                0.87481,                0.97378,                      1,                0.99395,                0.99046,                0.11989,                0.12825,                0.61457,             0.00067736,             0.00067736,             0.00067736
                    170,                0.16755,                0.15847,                0.87211,                0.97416,                      1,                0.99474,                0.99127,                0.10653,                0.11619,                0.60016,             0.00066944,             0.00066944,             0.00066944
                    171,                0.16319,                0.15742,                0.87363,                0.97381,                      1,                0.99474,                0.99057,                0.10432,                 0.1066,                0.60795,             0.00066152,             0.00066152,             0.00066152
                    172,                 0.1602,                0.15358,                0.87932,                0.97436,                      1,                0.99448,                0.99078,                0.10553,                0.10726,                0.60914,              0.0006536,              0.0006536,              0.0006536
                    173,                0.16517,                0.15504,                0.87441,                0.97383,                      1,                0.99474,                0.99091,                0.10754,                0.10903,                0.60269,             0.00064568,             0.00064568,             0.00064568
                    174,                0.16251,                0.15742,                0.87801,                0.97398,                      1,                0.99474,                0.99136,                0.12363,                0.10426,                0.62274,             0.00063776,             0.00063776,             0.00063776
                    175,                0.15982,                 0.1476,                0.87343,                0.98671,                0.98684,                0.99474,                0.99041,                0.12316,                0.11457,                 0.6101,             0.00062984,             0.00062984,             0.00062984
                    176,                0.14971,                0.13998,                0.86551,                0.98657,                0.98684,                0.99474,                 0.9902,                0.11171,                0.10294,                0.61304,             0.00062192,             0.00062192,             0.00062192
                    177,                0.15981,                0.14696,                0.87064,                0.97435,                0.99984,                0.99474,                0.99244,                0.10138,                 0.1048,                0.60035,               0.000614,               0.000614,               0.000614
                    178,                 0.1603,                0.14954,                0.87349,                0.97436,                0.99985,                0.99474,                0.99253,                0.09322,                0.10046,                0.59134,             0.00060608,             0.00060608,             0.00060608
                    179,                0.15578,                 0.1458,                0.87332,                0.99194,                0.98684,                0.99474,                0.99164,                0.10075,                0.09751,                0.60046,             0.00059816,             0.00059816,             0.00059816
                    180,                0.15877,                 0.1543,                0.87352,                0.98621,                0.98684,                0.99474,                0.98588,                0.12698,                0.09722,                 0.6255,             0.00059024,             0.00059024,             0.00059024
                    181,                0.15782,                 0.1517,                0.87536,                0.97374,                      1,                0.99448,                0.98804,                0.10437,                0.09932,                0.60426,             0.00058232,             0.00058232,             0.00058232
                    182,                0.15764,                0.15291,                0.87742,                0.97407,                      1,                0.99422,                0.98945,                0.10426,                0.10121,                0.60248,              0.0005744,              0.0005744,              0.0005744
                    183,                0.15932,                0.15148,                0.87189,                0.99594,                0.98684,                0.99474,                0.98967,                0.12556,                0.09381,                0.62215,             0.00056648,             0.00056648,             0.00056648
                    184,                0.15533,                0.14965,                0.87219,                0.99779,                0.98684,                0.99474,                0.99003,                0.11039,                0.11314,                0.60607,             0.00055856,             0.00055856,             0.00055856
                    185,                0.15198,                0.14756,                0.87581,                0.99262,                0.98684,                0.99474,                0.98804,                0.11634,                0.10526,                0.61156,             0.00055064,             0.00055064,             0.00055064
                    186,                0.15414,                0.14516,                0.87189,                0.97435,                0.99948,                0.99474,                0.98521,                0.12146,                0.10704,                0.61585,             0.00054272,             0.00054272,             0.00054272
                    187,                0.15703,                0.15031,                0.86961,                0.98633,                0.98684,                0.99474,                0.98831,                0.11789,                0.11982,                0.61604,              0.0005348,              0.0005348,              0.0005348
                    188,                 0.1504,                0.14401,                0.86992,                0.99536,                0.98684,                0.99474,                0.98936,                0.12576,                 0.1066,                0.62215,             0.00052688,             0.00052688,             0.00052688
                    189,                0.15101,                0.14263,                0.87014,                0.99804,                0.98684,                0.99427,                0.98812,                0.13182,                 0.1222,                0.62451,             0.00051896,             0.00051896,             0.00051896
                    190,                0.15079,                0.14541,                0.86769,                0.97435,                0.99969,                0.99474,                 0.9879,                0.11586,                0.12018,                0.61978,             0.00051104,             0.00051104,             0.00051104
                    191,                0.14706,                0.13488,                 0.8704,                 0.9738,                      1,                0.99448,                0.98701,                0.12146,                0.11091,                 0.6159,             0.00050312,             0.00050312,             0.00050312
                    192,                0.14091,                0.13699,                0.86718,                0.99634,                0.98684,                0.99474,                 0.9901,                0.11793,                0.10358,                0.62239,              0.0004952,              0.0004952,              0.0004952
                    193,                 0.1466,                0.14097,                0.86679,                0.99782,                0.98684,                0.99474,                 0.9899,                0.12038,                 0.1002,                0.62071,             0.00048728,             0.00048728,             0.00048728
                    194,                0.14982,                0.13664,                 0.8723,                0.99863,                0.98684,                0.99474,                0.98847,                0.10667,                0.08161,                0.61648,             0.00047936,             0.00047936,             0.00047936
                    195,                0.14554,                0.13588,                0.86915,                0.99898,                0.98684,                0.99474,                 0.9882,                0.10465,                0.12002,                0.61125,             0.00047144,             0.00047144,             0.00047144
                    196,                0.14499,                0.14021,                0.87053,                 0.9959,                0.98684,                0.99474,                0.98594,                0.12042,                0.09919,                0.61579,             0.00046352,             0.00046352,             0.00046352
                    197,                0.14314,                0.13653,                0.87284,                 0.9974,                0.98684,                0.99474,                 0.9888,                0.11394,                0.11132,                0.61277,              0.0004556,              0.0004556,              0.0004556
                    198,                0.14532,                0.14223,                0.87369,                 0.9739,                      1,                0.99474,                0.98772,                0.10586,                0.09292,                0.60391,             0.00044768,             0.00044768,             0.00044768
                    199,                0.14376,                0.14008,                0.86825,                0.99736,                0.98684,                0.99474,                0.99049,                0.09851,                0.08764,                0.60675,             0.00043976,             0.00043976,             0.00043976
                    200,                0.14655,                0.13615,                0.87481,                0.99518,                0.98684,                0.99474,                 0.9894,                0.10685,                0.09528,                0.60595,             0.00043184,             0.00043184,             0.00043184
                    201,                0.14915,                0.13735,                0.86836,                0.98618,                0.98684,                0.99474,                0.98937,                0.10425,                0.09238,                0.60868,             0.00042392,             0.00042392,             0.00042392
                    202,                0.14528,                0.13634,                0.86508,                 0.9861,                0.98684,                0.99474,                0.99012,                0.12677,                0.14305,                0.62555,               0.000416,               0.000416,               0.000416
                    203,                0.14199,                 0.1339,                0.87017,                0.99391,                0.98684,                0.99474,                0.99039,                0.12721,                0.12813,                0.63141,             0.00040808,             0.00040808,             0.00040808
                    204,                0.14267,                0.13069,                0.87258,                0.97381,                      1,                0.99474,                0.98875,                0.13148,                0.11564,                0.63591,             0.00040016,             0.00040016,             0.00040016
                    205,                  0.144,                0.13749,                0.86905,                0.97435,                0.99961,                0.99474,                 0.9873,                0.11936,                0.10028,                0.62339,             0.00039224,             0.00039224,             0.00039224
                    206,                0.13962,                0.13397,                0.86919,                  0.986,                0.98684,                0.99474,                0.98852,                0.11933,                0.10172,                0.62362,             0.00038432,             0.00038432,             0.00038432
                    207,                0.14213,                0.13611,                0.86479,                0.97434,                0.99934,                0.99474,                0.98959,                0.10654,                0.09385,                0.60762,              0.0003764,              0.0003764,              0.0003764
                    208,                0.14441,                0.14047,                0.87348,                 0.9863,                0.98684,                0.99474,                0.98933,                0.10375,                0.10411,                0.60703,             0.00036848,             0.00036848,             0.00036848
                    209,                0.13675,                0.13385,                0.86077,                0.97435,                0.99984,                0.99474,                 0.9897,                0.11316,                0.13707,                0.61348,             0.00036056,             0.00036056,             0.00036056
                    210,                 0.1369,                0.13362,                0.86761,                0.99181,                0.98684,                0.99474,                0.98982,                0.12011,                0.10152,                0.61927,             0.00035264,             0.00035264,             0.00035264
                    211,                 0.1408,                0.13661,                0.87112,                 0.9853,                0.98684,                0.99474,                0.98921,                0.12258,                0.10848,                0.62635,             0.00034472,             0.00034472,             0.00034472
                    212,                0.13309,                0.13008,                0.85972,                0.98638,                0.98684,                0.99474,                0.98908,                0.11316,                0.10144,                0.61902,              0.0003368,              0.0003368,              0.0003368
                    213,                0.13926,                0.13205,                0.86949,                0.97436,                      1,                0.99474,                0.99001,                0.10545,                0.09753,                0.60738,             0.00032888,             0.00032888,             0.00032888
                    214,                0.13233,                0.13018,                0.86083,                0.98899,                0.98684,                0.99474,                0.99019,                0.09904,                0.09198,                0.60401,             0.00032096,             0.00032096,             0.00032096
                    215,                0.13429,                0.12794,                0.86537,                0.99062,                0.98684,                0.99474,                0.98988,                0.10181,                0.08487,                0.60355,             0.00031304,             0.00031304,             0.00031304
                    216,                 0.1309,                0.12808,                0.86545,                0.97436,                      1,                0.99461,                0.98858,                0.09136,                0.10377,                0.59981,             0.00030512,             0.00030512,             0.00030512
